[
  {
    "orderId": 1,
    "id": "men",
    "name": "Men",
    "isSelected": false,
    "secondaryCategories": [
      {
        "id": "sho",
        "name": "Shoes",
        "isSelected": false,
        "productAmount": 0,
        "tertiaryCategories": [
          {
            "id": "ls",
            "name": "Lifestyle",
            "isSelected": false,
            "productAmount": 0
          },
          {
            "id": "rn",
            "name": "Running",
            "isSelected": false,
            "productAmount": 0
          },
          {
            "id": "sc",
            "name": "Soccer",
            "isSelected": false,
            "productAmount": 0
          },
          {
            "id": "bb",
            "name": "Basketball",
            "isSelected": false,
            "productAmount": 0
          },
          {
            "id": "fb",
            "name": "Football",
            "isSelected": false,
            "productAmount": 0
          },
          {
            "id": "gf",
            "name": "Golf",
            "isSelected": false,
            "productAmount": 0
          },
          {
            "id": "bs",
            "name": "Baseball",
            "isSelected": false,
            "productAmount": 0
          },
          {
            "id": "sn",
            "name": "Sneakers",
            "isSelected": false,
            "productAmount": 0
          },
          {
            "id": "bt",
            "name": "Boots",
            "isSelected": false,
            "productAmount": 0
          },
          {
            "id": "sd",
            "name": "Sandals",
            "isSelected": false,
            "productAmount": 0
          }
        ]
      },
      {
        "id": "clo",
        "name": "Clothing",
        "isSelected": false,
        "productAmount": 0,
        "tertiaryCategories": [
          {
            "id": "hs",
            "name": "Hoodies & Sweatshirts",
            "isSelected": false,
            "productAmount": 0
          },
          {
            "id": "ts",
            "name": "Track Suits",
            "isSelected": false,
            "productAmount": 0
          },
          {
            "id": "jy",
            "name": "Jerseys",
            "isSelected": false,
            "productAmount": 0
          },
          {
            "id": "pn",
            "name": "Pants",
            "isSelected": false,
            "productAmount": 0
          },
          {
            "id": "sh",
            "name": "Shirts",
            "isSelected": false,
            "productAmount": 0
          },
          {
            "id": "tt",
            "name": "T-Shirts",
            "isSelected": false,
            "productAmount": 0
          },
          {
            "id": "jt",
            "name": "Jackets",
            "isSelected": false,
            "productAmount": 0
          },
          {
            "id": "sw",
            "name": "Sweaters",
            "isSelected": false,
            "productAmount": 0
          }
        ]
      },
      {
        "id": "acc",
        "name": "Accessories",
        "isSelected": false,
        "productAmount": 0,
        "tertiaryCategories": [
          {
            "id": "wh",
            "name": "Watches",
            "isSelected": false,
            "productAmount": 0
          },
          {
            "id": "sg",
            "name": "Sunglasses",
            "isSelected": false,
            "productAmount": 0
          },
          {
            "id": "bt",
            "name": "Belts",
            "isSelected": false,
            "productAmount": 0
          },
          {
            "id": "ht",
            "name": "Hats",
            "isSelected": false,
            "productAmount": 0
          },
          {
            "id": "sv",
            "name": "Scarves",
            "isSelected": false,
            "productAmount": 0
          },
          {
            "id": "gl",
            "name": "Gloves",
            "isSelected": false,
            "productAmount": 0
          },
          {
            "id": "ti",
            "name": "Ties",
            "isSelected": false,
            "productAmount": 0
          },
          {
            "id": "ps",
            "name": "Pocket Squares",
            "isSelected": false,
            "productAmount": 0
          },
          {
            "id": "sc",
            "name": "Sunglass Cases",
            "isSelected": false,
            "productAmount": 0
          },
          {
            "id": "um",
            "name": "Umbrellas",
            "isSelected": false,
            "productAmount": 0
          },
          {
            "id": "kc",
            "name": "Keychains",
            "isSelected": false,
            "productAmount": 0
          }
        ]
      }
    ]
  },
  {
    "orderId": 2,
    "id": "women",
    "name": "Women",
    "isSelected": false,
    "secondaryCategories": [
      {
        "id": "sho",
        "name": "Shoes",
        "isSelected": false,
        "productAmount": 0,
        "tertiaryCategories": [
          {
            "id": "ls",
            "name": "Lifestyle",
            "isSelected": false,
            "productAmount": 0
          },
          {
            "id": "rn",
            "name": "Running",
            "isSelected": false,
            "productAmount": 0
          },
          {
            "id": "sc",
            "name": "Soccer",
            "isSelected": false,
            "productAmount": 0
          },
          {
            "id": "bb",
            "name": "Basketball",
            "isSelected": false,
            "productAmount": 0
          },
          {
            "id": "fb",
            "name": "Football",
            "isSelected": false,
            "productAmount": 0
          },
          {
            "id": "gf",
            "name": "Golf",
            "isSelected": false,
            "productAmount": 0
          },
          {
            "id": "bs",
            "name": "Baseball",
            "isSelected": false,
            "productAmount": 0
          },
          {
            "id": "sn",
            "name": "Sneakers",
            "isSelected": false,
            "productAmount": 0
          },
          {
            "id": "hl",
            "name": "Heels",
            "isSelected": false,
            "productAmount": 0
          },
          {
            "id": "bt",
            "name": "Boots",
            "isSelected": false,
            "productAmount": 0
          },
          {
            "id": "sd",
            "name": "Sandals",
            "isSelected": false,
            "productAmount": 0
          },
          {
            "id": "ds",
            "name": "Dress Shoes",
            "isSelected": false,
            "productAmount": 0
          }
        ]
      },
      {
        "id": "clo",
        "name": "Clothing",
        "isSelected": false,
        "productAmount": 0,
        "tertiaryCategories": [
          {
            "id": "ts",
            "name": "Track Suits",
            "isSelected": false,
            "productAmount": 0
          },
          {
            "id": "jy",
            "name": "Jerseys",
            "isSelected": false,
            "productAmount": 0
          },
          {
            "id": "sh",
            "name": "Shirts",
            "isSelected": false,
            "productAmount": 0
          },
          {
            "id": "dr",
            "name": "Dresses",
            "isSelected": false,
            "productAmount": 0
          },
          {
            "id": "tt",
            "name": "T-Shirts",
            "isSelected": false,
            "productAmount": 0
          },
          {
            "id": "sk",
            "name": "Skirts",
            "isSelected": false,
            "productAmount": 0
          },
          {
            "id": "jn",
            "name": "Jeans",
            "isSelected": false,
            "productAmount": 0
          }
        ]
      },
      {
        "id": "acc",
        "name": "Accessories",
        "isSelected": false,
        "productAmount": 0,
        "tertiaryCategories": [
          {
            "id": "hb",
            "name": "Handbags",
            "isSelected": false,
            "productAmount": 0
          },
          {
            "id": "jw",
            "name": "Jewelry",
            "isSelected": false,
            "productAmount": 0
          },
          {
            "id": "sv",
            "name": "Scarves",
            "isSelected": false,
            "productAmount": 0
          },
          {
            "id": "ht",
            "name": "Hats",
            "isSelected": false,
            "productAmount": 0
          }
        ]
      },
      {
        "id": "bea",
        "name": "Beauty",
        "isSelected": false,
        "productAmount": 0,
        "tertiaryCategories": [
          {
            "id": "sk",
            "name": "Skincare",
            "isSelected": false,
            "productAmount": 0
          },
          {
            "id": "mk",
            "name": "Makeup",
            "isSelected": false,
            "productAmount": 0
          },
          {
            "id": "fg",
            "name": "Fragrance",
            "isSelected": false,
            "productAmount": 0
          },
          {
            "id": "hc",
            "name": "Hair Care",
            "isSelected": false,
            "productAmount": 0
          },
          {
            "id": "nc",
            "name": "Nail Care",
            "isSelected": false,
            "productAmount": 0
          },
          {
            "id": "oc",
            "name": "Oral Care",
            "isSelected": false,
            "productAmount": 0
          },
          {
            "id": "bc",
            "name": "Body Care",
            "isSelected": false,
            "productAmount": 0
          },
          {
            "id": "sc",
            "name": "Sun Care",
            "isSelected": false,
            "productAmount": 0
          },
          {
            "id": "lc",
            "name": "Lip Care",
            "isSelected": false,
            "productAmount": 0
          },
          {
            "id": "ft",
            "name": "Foot Care",
            "isSelected": false,
            "productAmount": 0
          },
          {
            "id": "he",
            "name": "Hand Care",
            "isSelected": false,
            "productAmount": 0
          },
          {
            "id": "st",
            "name": "Self Tanner",
            "isSelected": false,
            "productAmount": 0
          },
          {
            "id": "hr",
            "name": "Hair Removal",
            "isSelected": false,
            "productAmount": 0
          },
          {
            "id": "ey",
            "name": "Eye Care",
            "isSelected": false,
            "productAmount": 0
          },
          {
            "id": "ts",
            "name": "Travel Size",
            "isSelected": false,
            "productAmount": 0
          }
        ]
      }
    ]
  },
  {
    "orderId": 3,
    "id": "kids",
    "name": "Kids",
    "isSelected": false,
    "secondaryCategories": [
      {
        "id": "sho",
        "name": "Shoes",
        "isSelected": false,
        "productAmount": 0,
        "tertiaryCategories": [
          {
            "id": "ls",
            "name": "Lifestyle",
            "isSelected": false,
            "productAmount": 0
          },
          {
            "id": "rn",
            "name": "Running",
            "isSelected": false,
            "productAmount": 0
          },
          {
            "id": "sc",
            "name": "Soccer",
            "isSelected": false,
            "productAmount": 0
          },
          {
            "id": "bb",
            "name": "Basketball",
            "isSelected": false,
            "productAmount": 0
          },
          {
            "id": "fb",
            "name": "Football",
            "isSelected": false,
            "productAmount": 0
          },
          {
            "id": "gf",
            "name": "Golf",
            "isSelected": false,
            "productAmount": 0
          },
          {
            "id": "bs",
            "name": "Baseball",
            "isSelected": false,
            "productAmount": 0
          },
          {
            "id": "sn",
            "name": "Sneakers",
            "isSelected": false,
            "productAmount": 0
          },
          {
            "id": "ds",
            "name": "Dress Shoes",
            "isSelected": false,
            "productAmount": 0
          },
          {
            "id": "bt",
            "name": "Boots",
            "isSelected": false,
            "productAmount": 0
          },
          {
            "id": "sd",
            "name": "Sandals",
            "isSelected": false,
            "productAmount": 0
          }
        ]
      },
      {
        "id": "clo",
        "name": "Clothing",
        "isSelected": false,
        "productAmount": 0,
        "tertiaryCategories": [
          {
            "id": "ts",
            "name": "Track Suits",
            "isSelected": false,
            "productAmount": 0
          },
          {
            "id": "jy",
            "name": "Jerseys",
            "isSelected": false,
            "productAmount": 0
          },
          {
            "id": "sh",
            "name": "Shirts",
            "isSelected": false,
            "productAmount": 0
          },
          {
            "id": "dr",
            "name": "Dresses",
            "isSelected": false,
            "productAmount": 0
          },
          {
            "id": "tt",
            "name": "T-Shirts",
            "isSelected": false,
            "productAmount": 0
          },
          {
            "id": "sk",
            "name": "Skirts",
            "isSelected": false,
            "productAmount": 0
          },
          {
            "id": "jn",
            "name": "Jeans",
            "isSelected": false,
            "productAmount": 0
          }
        ]
      }
    ]
  }
]
