[
  {
    "id": 1,
    "owner": "John Doe",
    "avatarUrl": "https://firebasestorage.googleapis.com/v0/b/react-e-commerce-f354a.appspot.com/o/comments%2Fuser1.webp?alt=media&token=eeb0f177-6039-4310-810c-325882179fd0",
    "ratingPoint": 4.5,
    "comment": "Lorem Ipsum is simply dummy text of the printing and typesetting industry. Lorem Ipsum has been the industry's standard dummy text ever since the 1500s"
  },
  {
    "id": 2,
    "owner": "Eveline Gosok",
    "avatarUrl": "https://firebasestorage.googleapis.com/v0/b/react-e-commerce-f354a.appspot.com/o/comments%2Fuser2.webp?alt=media&token=0e7fe904-dcef-4829-b191-22f363f046d3",
    "ratingPoint": 4,
    "comment": "Lorem Ipsum is simply dummy text of the printing and typesetting industry. Lorem Ipsum has been the industry's"
  },
  {
    "id": 3,
    "owner": "Anne Okombo",
    "avatarUrl": "https://firebasestorage.googleapis.com/v0/b/react-e-commerce-f354a.appspot.com/o/comments%2Fuser3.webp?alt=media&token=537f8e9d-d274-40a9-9134-f628f17ac433",
    "ratingPoint": 3.5,
    "comment": "Lorem Ipsum is simply dummy text of the printing"
  }
]
