[
  {
    "id": "inPost1",
    "price": "15.00",
    "description": "Payment in advance",
    "iconName": "inPost"
  },
  {
    "id": "inPost2",
    "price": "20.00",
    "description": "Cash on delivery",
    "iconName": "inPost"
  },
  {
    "id": "dpd1",
    "price": "12.00",
    "description": "Cash on delivery",
    "iconName": "dpd"
  },
  {
    "id": "dpd2",
    "price": "15.00",
    "description": "Personal collection",
    "iconName": "dpd"
  },
  {
    "id": "dhl1",
    "price": "15.00",
    "description": "Personal collection",
    "iconName": "dhl"
  },
  {
    "id": "dhl2",
    "price": "15.00",
    "description": "Cash on delivery",
    "iconName": "dhl"
  }
]
