[
  {
    "title": "HELP",
    "children": [
      { "name": "Order Status", "link": "" },
      { "name": "Shipping & Delivery", "link": "" },
      { "name": "Returns", "link": "" },
      { "name": "Payment Options", "link": "" }
    ]
  },
  {
    "title": "INFORMATION",
    "children": [
      {
        "name": "Gift Cards",
        "link": ""
      },
      {
        "name": "Find A Store",
        "link": ""
      },
      {
        "name": "Newsletter",
        "link": ""
      },
      {
        "name": "Become a member",
        "link": ""
      }
    ]
  },
  {
    "title": "UI KIT INSIDE",
    "children": [
      {
        "name": "Company Overview",
        "link": ""
      },
      {
        "name": "Made in USA",
        "link": ""
      },
      {
        "name": "Careers",
        "link": ""
      },
      {
        "name": "Idea Submission",
        "link": ""
      },
      {
        "name": "Student Discount",
        "link": ""
      }
    ]
  },
  {
    "title": "CONTACT",
    "children": [
      { "name": "sklep@uikit.com", "link": "mailto:sklep@uikit.com" },
      { "name": "Hotline: +46 131 138 138", "link": "" }
    ]
  }
]
