[
  {
    "id": "1",
    "text": "New arrivals are now in!",
    "buttonText": "Show collection",
    "link": "",
    "imageUrl": "https://firebasestorage.googleapis.com/v0/b/react-e-commerce-f354a.appspot.com/o/collections%2Fimage1.webp?alt=media&token=7fd9b4c6-7181-417e-9a0a-23a7f65c0c25",
    "discountRate": 0
  },
  {
    "id": "2",
    "text": "Basic t-shirts $29,99",
    "buttonText": "More details",
    "link": "",
    "imageUrl": "https://firebasestorage.googleapis.com/v0/b/react-e-commerce-f354a.appspot.com/o/collections%2Fimage2.webp?alt=media&token=2cb369e4-190b-4f9a-955f-0ebde56d5879",
    "discountRate": 0
  },
  {
    "id": "3",
    "text": "Sale this summer",
    "buttonText": "View all",
    "link": "",
    "imageUrl": "https://firebasestorage.googleapis.com/v0/b/react-e-commerce-f354a.appspot.com/o/collections%2Fimage3.webp?alt=media&token=4352d9be-905e-4602-a87a-791ac250f879",
    "discountRate": 50
  }
]
