[
  {
    "id": "shipping",
    "title": "Free Shipping",
    "description": "All purchases over $99 are eligible for free shipping via USPS First Class Mail."
  },
  {
    "id": "payments",
    "title": "Easy Payments",
    "description": "All payments are processed instantly over a secure payment protocol."
  },
  {
    "id": "money",
    "title": "Money-Back Guarantee",
    "description": "If an item arrived damaged or you've changed your mind, you can send it back for a full refund."
  },
  {
    "id": "quality",
    "title": "Finest Quality",
    "description": "Designed to last, each of our products has been crafted with the finest materials."
  }
]
